Location,Jobs
Farringdon,1
Horsforth,1
Old Bailey,1
Caversham,1
Newton Heath,1
Hardham,1
Boscombe,1
Kings Worthy,1
Caversham,1
Lee,3
Wrexham,1
Woolstone,2
Seacombe,1
Painswick,1
Northwich,1
Royal Leamington Spa,2
Latchford,1
Holborn,1
Elton,1
Old Bailey,2
South Wimbledon,1
Uxbridge,1
Birchills,1
Broadford,1
Lee,1
Godstow,1
Busbridge,1
Guys Cliffe,2
Yeovil,1
Wrexham,3
Wrecclesham,1
Woolstone,2
Woking,2
Wirksworth,1
Windsor,2
Wilton,1
Wilmslow,4
Willesborough,2
Whitstable,1
Whitley,5
Westerfield,3
West Derby,1
Wallingford,1
Upper Stratton,1
Tonbridge,1
Thetford,1
The Hyde,1
Stevenage,2
Staines-upon-Thames,3
Springfield,1
Southampton,2
Shoreham-by-Sea,2
Shireshead,4
Seacombe,5
Saltley,9
Tunbridge Wells,3
Redditch,1
Pumpherston,1
Prestwick,1
Ponteland,2
Penwortham,1
Painswick,2
Olton,2
Old Aberdeen,1
Nuneaton,1
Marlow,1
Malmesbury,1
London,1
Little Budworth,1
Leatherhead,1
Latchford,1
Knutsford,4
Kingsthorpe,1
Huntingdon,4
Humberstone,4
Horsham,1
Horley,1
Horam,1
Hook,1
Holborn,1
Hitchin,1
High Wycombe,1
High Hazels,1
Hemel Hempstead,1
Helsby,1
Hatfield,1
Harpenden,1
Guildford,1
Great Linford,1
Greater Manchester,12
Glasgow,5
Fleet,1
Felixstowe,1
Farnborough,1
Fareham,1
Fallings Park,1
Eton,2
Esher,1
Epsom,1
Ellesmere Port,2
Easthampstead,1
East Clandon,3
Eastbourne,1
Dallington,5
Cublington,2
Cubitt Town,2
Crewe,2
Crawley,2
Clifton,1
Cirencester,1
Chipping,1
Chesterton,2
Cherry Tree,1
Caversham,5
Carnforth,1
Cardiff,3
Camberley,1
Bury St,1
Burgess Hill,1
Brighton,1
Brentwood,3
Boscombe,2
Bidston,1
Bexhill,1
Basford,2
Banbury,1
Attleborough,1
Alphington,1
Durham Tees Valley Airport,1
Old Bailey,21
Farringdon,7
Victoria,1
South Croydon,1
Elephant and Castle,1
South West London,1
Hoole,3
Swinton Police Station (Greater Manchester Police),1
Uxbridge,8
Milton Bridge,6
Richmond Hill,6
Ashley Cross,1
East Acton,4
Countess,1
Blackhall,1
Lee,64
Red Mill,2
Godstow,7
Guys Cliffe,4
Yeovil,1
Wrecclesham,1
Worthing,2
Worsthorne,1
Wormley,1
Woolstone,17
Woking,2
Witney,1
Wirksworth,3
Windsor,5
Willesborough,10
Whitley,5
Whitley,15
Weybridge,2
West Wickham,2
West Malling,1
West Hagbourne,10
Westerfield,12
West Derby,11
Welwyn,4
Wellingborough,1
Weeke,1
Watford,6
Upper Stratton,4
Tyburn,1
Twickenham,1
Trowse Newton,5
Towcester,1
Tonbridge,1
Thornton Heath,2
Theale,1
Thatcham,2
Thame,4
Tamworth,1
Tadworth,1
Tadley,1
Sudbury,1
Streatham,1
Stratford-upon-Avon,2
Stopsley,6
Stevenage,2
Stanground,3
Staines-upon-Thames,5
Springfield,2
Spalding,3
Southwater,2
South Hinksey,7
Southampton,2
Snaresbrook,1
Skipton,2
Sittingbourne,2
Shireshead,6
Shenley Brook End,1
Sheffield Canal,3
Shaw,4
Shankill,1
Sevenoaks,2
Sessay,1
Seacombe,8
Saltley,31
St Albans,2
Runcorn,2
Rugby,1
Royton,1
Tunbridge Wells,2
Ripponden,1
Ripley,1
Rhydymwyn,1
Redhill,4
Redditch,2
Ravensworth,1
Radyr,1
Radlett,1
Quatt,7
Pumpherston,3
Pudsey,1
Port Clarence,1
Ponteland,10
Polton,1
Penwortham,7
Painswick,4
Ovenden,4
Oswestry,1
Olton,3
Old Milverton,4
Old Aberdeen,1
Nuneaton,3
Norwich,1
North Seaton,1
Newton Heath,20
New Silksworth,2
Newport,2
Newbridge,1
New Boston,1
Martin,4
Marlow,2
Marchwood,7
Mansfield,2
Malmesbury,1
Macclesfield,1
Lutterworth,1
Luton Hoo,2
Luddenden Foot,3
Lowestoft,1
Loughborough,1
London,16
Little Budworth,6
Litherland,2
Lichfield,4
Leyton,1
Letchworth,4
Leighton Buzzard,1
Leckwith,6
Leatherhead,1
Royal Leamington Spa,3
Latchford,6
Knutsford,3
Knaresborough,1
Kings Worthy,6
Kingsthorpe,2
Kettering,1
Kendal,1
Ilkeston,1
Hursley,1
Huntingdon,6
Humberstone,4
Horsham,5
Horam,1
Hook,1
Holborn,2
Hitchin,1
Hindlip,1
Hinckley,1
High Wycombe,4
High Hazels,11
Hertingfordbury,1
Hempsted,8
Haywards Heath,1
Havering atte Bower,3
Hatfield,6
Harrow on the Hill,2
Harrogate,8
Harpenden,1
Harlow,2
Hardham,1
Hardenhuish,2
Haddenham,1
Guildford,6
Grimsby,2
Greater Manchester,32
Great Baddow,2
Gosport,2
Glasgow,6
Gillingham,1
Gaydon,1
Flitton,6
Fleet,3
Finsbury,2
Fenstanton,1
Feltham,4
Farnsfield,3
Farnborough,1
Fareham,1
Fallings Park,2
Eton,12
Epsom,5
Enfield Town,2
Elton,6
Elstead,1
Egham,2
Easthampstead,4
East Grinstead,1
Eastern Isles,1
East Clandon,18
Eastbourne,1
East Boldon,3
Dundee,1
Dudley Hill,6
Dorking,1
Didcot,1
Deysbrook,1
Darley Abbey,2
Dallington,7
Cwmbran,1
Cublington,2
Cubitt Town,1
Crewe,2
Crawley,5
Colne,1
Coleshill,1
Colchester,3
Clifton,3
Cirencester,1
Chipping,2
Chesterton,7
Chesterfield,4
Cheshunt,1
Cheselbourne,2
Chertsey,3
Cherry Tree,9
Cheriton Bishop,1
Cheltenham,2
Cheadle,1
Caversham,25
Carnforth,1
Cardiff,8
Canwick,3
Camberley,2
Bury St,4
Burghill,1
Burgess Hill,2
Broxburn,2
Brompton,1
Brighton,4
Bridgwater,1
Bridgend,1
Brentwood,4
Bray Court,1
Boscombe,13
Borehamwood,2
Boreham,2
Bodmin,1
Bluntisham,1
Blackburn,2
Bishop's Stortford,1
Bishops Cannings,3
Bishop Burton,1
Bishopbriggs,1
Bicester,2
Berkhamstead,1
Bentley,4
Belgrave,5
Beckenham,1
Batley,1
Bath,1
Bassaleg,2
Basingstoke,4
Basildon,2
Basford,10
Barton upon Humber,2
Barking,2
Banbury,1
Baguley,1
Attleborough,2
Appledram,1
Ansty,1
Annesley,1
Andover,5
Alton,1
Altofts,1
Alphington,4
Allington,3
Addlestone,1
Acton,2
Accrington,1
BUPA Hospital Hull & East Riding,3
Birmingham Airport,3
Gatwick Airport,1
Peacock,2
Old Bailey,86
Sindlesham,1
Cwmbwrla,1
Farringdon,9
Victoria,146
Amersham on the Hill,1
South Croydon,1
Lower Clapton,1
Elephant and Castle,1
North West London,3
South West London,2
East London,1
Belmont,1
Lower Hartwell,1
Hoole,14
Great Marton,1
Southchurch Village,1
Clapham Junction,1
Swinton Police Station (Greater Manchester Police),1
Thorn,2
Kempston Hardwick,5
South Wirral,1
Jacob's Well,1
Chandler's Ford,1
Malvern,2
Grimethorpe,1
Kings Cross,2
Uxbridge,8
Warren Street,3
Leigh Woods,17
Cobridge,3
Milton Bridge,13
Richmond Hill,40
Birchills,3
Ashley Cross,3
Barons Court,1
East Acton,6
Dennistoun,6
York Place,12
Charlcombe,2
Bemerton,1
Norbiton,1
Lee,169
Red Mill,2
Days Hotel Hounslow - Heathrow East,4
